-- 샘플 데이터 추가

-- 거래처 샘플 데이터
INSERT INTO public.accounts (id, company_name, industry, employee_count, website, phone, email, business_number, representative)
VALUES
  ('a1111111-1111-1111-1111-111111111111', '클루터 영업컨설팅 CRM', '신규 비즈니스', '10 ~ 50명', 'https://clutercorp.com', '02-1234-5678', 'contact@clutercorp.com', '123-45-67890', '클루터'),
  ('a2222222-2222-2222-2222-222222222222', '(주)테크노솔루션', 'IT 서비스', '50 ~ 100명', 'https://technosolution.com', '02-2345-6789', 'info@technosolution.com', '234-56-78901', '김철수'),
  ('a3333333-3333-3333-3333-333333333333', '디지털마케팅', '마케팅', '10명 이하', 'https://digitalmarketing.com', '02-3456-7890', 'hello@digitalmarketing.com', '345-67-89012', '이영희');

-- 연락처 샘플 데이터
INSERT INTO public.contacts (id, account_id, name, position, department, email, phone, mobile, lead_score)
VALUES
  ('c1111111-1111-1111-1111-111111111111', 'a1111111-1111-1111-1111-111111111111', '클루터', 'CEO', '경영진', 'john@clutercorp.com', '02-1234-5678', '010-1234-5678', 85),
  ('c2222222-2222-2222-2222-222222222222', 'a2222222-2222-2222-2222-222222222222', '김철수', '이사', '영업팀', 'kim@technosolution.com', '02-2345-6789', '010-2345-6789', 72),
  ('c3333333-3333-3333-3333-333333333333', 'a3333333-3333-3333-3333-333333333333', '이영희', '팀장', '마케팅팀', 'lee@digitalmarketing.com', '02-3456-7890', '010-3456-7890', 68);

-- 거래 샘플 데이터
INSERT INTO public.deals (id, account_id, contact_id, deal_name, stage, amount_range, success_probability, next_contact_date, last_activity_date, assigned_to)
VALUES
  ('d1111111-1111-1111-1111-111111111111', 'a1111111-1111-1111-1111-111111111111', 'c1111111-1111-1111-1111-111111111111', '신규 프로젝트 계약', 'S0_신규 유입', '1000 ~ 2000만원', 80, '2025-01-15', '2025-01-10', '김담당'),
  ('d2222222-2222-2222-2222-222222222222', 'a2222222-2222-2222-2222-222222222222', 'c2222222-2222-2222-2222-222222222222', '클루터 영업컨설팅 CRM', 'S1_유효 리드', '500 ~ 1000만원', 65, '2025-01-20', '2025-01-08', '박매니저'),
  ('d3333333-3333-3333-3333-333333333333', 'a3333333-3333-3333-3333-333333333333', 'c3333333-3333-3333-3333-333333333333', '마케팅 전략 수립', 'S2_상담 완료', '2000 ~ 3000만원', 90, '2025-01-12', '2025-01-11', '최대리');

-- 활동 샘플 데이터
INSERT INTO public.activities (account_id, deal_id, activity_type, title, content, activity_date)
VALUES
  ('a1111111-1111-1111-1111-111111111111', 'd1111111-1111-1111-1111-111111111111', '전화', '기본 상담 완료', '초기 미팅을 통해 프로젝트 범위와 예산에 대해 논의했습니다.', '2025-01-10 14:30:00'),
  ('a2222222-2222-2222-2222-222222222222', 'd2222222-2222-2222-2222-222222222222', '이메일', '제안서 발송', 'CRM 시스템 구축 제안서를 이메일로 발송했습니다.', '2025-01-08 10:00:00'),
  ('a3333333-3333-3333-3333-333333333333', 'd3333333-3333-3333-3333-333333333333', '미팅', '상세 요구사항 논의', '고객사 사무실에서 상세 요구사항과 일정을 논의했습니다.', '2025-01-11 15:00:00');

-- 메모 샘플 데이터
INSERT INTO public.notes (account_id, deal_id, content)
VALUES
  ('a1111111-1111-1111-1111-111111111111', 'd1111111-1111-1111-1111-111111111111', '<p><strong>중요:</strong> 고객사는 빠른 진행을 원하고 있음</p><p>다음 미팅 시 상세 견적서 준비 필요</p>'),
  ('a2222222-2222-2222-2222-222222222222', 'd2222222-2222-2222-2222-222222222222', '<p>IT 담당자와의 기술 검토 미팅 필요</p>'),
  ('a3333333-3333-3333-3333-333333333333', 'd3333333-3333-3333-3333-333333333333', '<p>예산 확정 후 계약 진행 예정</p>');
